{
    "a": -0.007431033721055286,
    "b": 0.590648073006882,
    "c": -10.817658204747763
}