{
    "a": -0.011836377880336327,
    "b": 0.9436387206352879,
    "c": -17.453830186013644
}