{
    "a": 7.538035824292964e-05,
    "b": 0.002261731567277137,
    "c": 0.06786157298340648
}