{
    "a": -0.007445791030136307,
    "b": 0.5918343896052658,
    "c": -10.84008077353309
}